client_id,amount,loan_term_months,start_date,end_date,amount_paid,monthly_deposit
2517,30225,36,2019-11-08,2023-07-04,37982.56,863.24
2888,49441,36,2018-01-14,2020-07-11,58093.2,1936.44
247,10231,48,2025-06-15,2025-08-15,5175.18,5175.18
1654,14756,24,2023-06-27,2023-11-01,15186.4,3037.28
1206,32731,12,2018-09-27,2020-06-07,36740.55,1749.55
600,39987,48,2025-02-07,2025-04-22,40453.52,20226.76
235,12915,12,2020-04-04,2021-01-08,13593.06,1510.34
2743,109640,60,2023-05-03,2024-02-20,117863.01,13095.89
1999,177202,48,2020-11-06,2024-02-18,234792.48,6020.32
2402,38934,12,2023-09-06,2025-06-30,43703.52,2081.12
2936,29851,12,2018-01-19,2024-03-04,42736.48,577.52
2082,172668,12,2022-09-03,2023-10-27,191373.65,14721.05
2296,5890,60,2023-03-31,2024-04-26,6209.06,477.62
225,100745,24,2022-12-06,2024-10-30,119214.92,5418.86
2435,3502,48,2019-06-08,2020-02-23,3618.72,452.34
403,17125,12,2023-11-22,2024-03-12,17524.6,4381.15
2513,183191,48,2018-09-21,2018-11-20,186244.18,93122.09
634,3652,48,2020-08-09,2024-02-07,4291.14,102.17
2040,72705,48,2023-08-15,2025-05-23,85428.42,4068.02
2336,1906,24,2022-11-30,2024-12-11,2104.5,84.18
1773,13978,36,2023-04-10,2025-06-16,16097.9,619.15
1537,151531,12,2018-11-30,2019-09-16,164158.6,16415.86
118,33076,60,2025-01-17,2025-04-14,33654.84,11218.28
1241,16926,36,2025-03-25,2025-07-19,17320.96,4330.24
1380,4143,24,2021-05-07,2023-07-20,4591.86,176.61
158,190037,36,2023-03-12,2025-01-24,224877.18,10221.69
1248,100832,36,2021-02-09,2021-12-22,109234.7,10923.47
1871,213784,24,2024-02-14,2025-04-27,238725.48,17051.82
229,5448,24,2020-08-01,2024-04-15,6446.88,146.52
1850,105624,48,2023-10-27,2024-11-23,117066.56,9005.12
1458,6235,36,2024-06-02,2025-02-27,6442.8,805.35
546,210282,48,2021-03-17,2023-07-19,259347.76,9262.42
2492,1408,60,2018-08-20,2025-04-21,1877.6,23.47
2860,7312,36,2018-09-15,2022-02-20,8561.21,208.81
1463,12489,24,2023-11-07,2025-02-06,13581.75,905.45
1256,49842,36,2021-08-27,2021-12-10,51005.0,12751.25
1204,34937,36,2025-03-15,2025-07-26,35752.2,8938.05
2631,36820,60,2018-02-13,2023-03-08,49921.79,818.39
2048,13424,12,2022-02-27,2024-04-27,15459.86,594.61
712,41038,48,2019-09-16,2020-04-03,42713.72,6101.96
1087,99025,36,2020-02-09,2025-05-20,151012.89,2397.03
1489,29830,60,2021-01-17,2024-04-01,36616.32,938.88
2884,28505,48,2024-01-16,2025-03-14,30832.9,2202.35
2700,130504,36,2018-11-26,2023-05-01,189230.58,3504.27
1292,45461,36,2018-07-12,2022-09-17,58720.5,1174.41
1353,24635,12,2019-08-06,2020-11-25,26790.6,1786.04
520,31551,36,2025-05-29,2025-08-05,21402.1,10701.05
283,2802,12,2023-12-28,2025-03-23,2977.05,198.47
1281,10332,48,2020-12-17,2024-07-08,12923.65,300.55
847,180940,60,2020-11-28,2025-03-20,259347.4,4987.45
976,31014,48,2023-03-23,2024-03-05,33185.04,2765.42
2846,129548,36,2018-06-06,2022-05-23,180287.77,3835.91
591,41716,36,2021-01-21,2022-01-24,44636.16,3719.68
428,3961,48,2022-07-12,2024-08-24,4373.5,174.94
1977,10970,60,2021-02-11,2025-01-18,13977.8,297.4
1488,1960,60,2019-06-02,2020-12-24,2107.08,117.06
938,44576,60,2020-01-12,2023-08-19,55757.24,1296.68
2441,210228,24,2025-06-14,2025-08-20,106865.9,106865.9
205,231048,12,2018-10-16,2023-01-07,329243.25,6455.75
1544,104882,60,2021-03-24,2024-09-26,141590.82,3371.21
2074,87585,48,2023-12-07,2025-07-19,101452.59,5339.61
1513,4009,36,2022-02-10,2023-05-28,4259.55,283.97
2894,181205,36,2025-05-05,2025-08-05,123823.42,61911.71
84,201361,60,2022-07-30,2024-10-12,246667.14,9135.82
429,35527,60,2018-01-29,2024-12-10,52728.24,635.28
969,19952,36,2020-03-18,2024-06-05,25887.6,507.6
2214,39000,60,2020-05-24,2023-03-11,46735.04,1374.56
143,12834,24,2024-09-05,2025-02-27,13208.3,2641.66
2378,22006,24,2018-07-13,2019-05-20,23289.7,2328.97
280,35531,60,2018-03-14,2019-05-19,38432.66,2745.19
2172,16133,36,2020-08-05,2021-11-25,17544.6,1169.64
1148,41490,36,2020-02-24,2025-08-28,56592.9,870.66
2541,11690,24,2022-07-15,2024-10-22,13531.05,501.15
629,35243,12,2020-09-13,2024-02-24,43671.97,1065.17
862,136605,48,2018-12-21,2023-05-02,196938.99,3715.83
1783,232223,60,2024-01-27,2025-07-12,267056.46,14836.47
1450,5506,36,2022-04-26,2023-06-29,5827.22,416.23
1940,196258,36,2022-04-20,2025-04-16,255135.24,7087.09
404,36592,36,2020-08-25,2021-03-25,38086.16,5440.88
1577,10517,60,2021-08-03,2023-03-21,11682.72,614.88
1926,14396,12,2022-02-27,2023-06-13,15739.68,983.73
2645,23312,12,2019-04-12,2019-12-28,24399.92,3049.99
2177,8230,36,2019-04-20,2020-12-01,8915.8,445.79
2530,69856,24,2021-06-26,2025-01-18,94887.67,2206.69
1029,52024,60,2024-03-15,2024-10-30,55058.71,7865.53
74,10390,60,2025-05-25,2025-08-01,7047.88,3523.94
1771,4491,48,2021-03-10,2023-07-10,5015.08,179.11
991,42664,60,2019-01-04,2021-10-21,50876.76,1541.72
2180,35367,12,2025-02-06,2025-04-09,35779.62,17889.81
598,9050,24,2018-01-27,2020-04-24,10068.03,372.89
2820,7853,48,2024-03-01,2024-09-26,8049.3,1341.55
2210,43185,36,2021-05-15,2023-11-05,50742.3,1691.41
2934,24028,48,2024-10-15,2025-03-23,24728.8,4945.76
640,42829,36,2023-09-14,2025-01-06,46826.4,2926.65
2391,16953,12,2019-10-26,2024-08-12,22689.02,391.19
2033,10211,12,2024-04-29,2024-07-21,10389.69,3463.23
1289,49780,36,2018-03-15,2022-04-11,64008.7,1306.3
1550,5139,60,2020-03-09,2020-05-20,5181.82,2590.91
662,10929,36,2019-04-09,2023-03-30,13925.16,296.28
2480,38543,60,2021-12-28,2024-05-19,45063.1,1553.9
1473,33041,12,2019-03-15,2023-03-18,42292.32,881.09
1805,27563,24,2023-01-14,2025-04-05,31904.28,1181.64
376,1190,60,2019-03-05,2024-06-10,1502.55,23.85
2561,14680,12,2018-11-26,2023-04-20,19218.33,362.61
888,1449,24,2024-12-22,2025-03-18,1467.12,489.04
812,8115,48,2018-08-26,2019-11-04,8622.15,574.81
412,39970,24,2021-11-05,2024-06-22,47197.81,1522.51
2556,32135,60,2018-11-15,2022-01-03,39258.18,1033.11
637,2444,48,2018-08-03,2024-04-20,3136.16,46.12
1893,84179,48,2021-09-29,2022-09-02,92596.92,7716.41
932,41957,48,2022-02-07,2023-07-13,46117.77,2712.81
1833,1951,48,2018-05-18,2021-12-21,2300.5,53.5
233,5999,60,2020-09-18,2022-08-23,6573.86,285.82
1301,43037,12,2023-10-29,2024-09-29,45798.5,4163.5
57,16923,48,2018-05-05,2023-03-12,22648.42,390.49
1619,109292,12,2022-01-04,2023-04-19,122953.5,8196.9
1548,13137,48,2020-10-09,2024-06-03,16508.8,375.2
1362,3516,48,2022-07-16,2024-10-29,3911.49,144.87
2310,217434,12,2018-06-27,2024-05-25,346082.4,4874.4
1329,48772,12,2020-04-10,2025-04-06,65842.2,1097.37
1368,6495,48,2021-03-23,2024-11-22,7685.92,174.68
1112,32700,60,2021-09-24,2025-08-25,40778.54,886.49
1126,23826,12,2022-08-11,2024-12-07,27717.48,989.91
731,8775,36,2020-09-30,2022-09-13,9652.56,402.19
1446,46620,12,2021-12-21,2023-08-14,52059.0,2602.95
1689,22947,36,2023-08-16,2024-06-06,24285.6,2428.56
2148,1127,24,2019-02-03,2019-09-29,1159.9,165.7
729,38541,60,2018-07-07,2019-03-29,40339.6,5042.45
1712,28039,12,2018-12-31,2021-08-27,33272.96,1039.78
2642,16240,48,2022-10-09,2025-06-21,19271.36,602.23
2942,13957,36,2020-02-01,2022-10-05,16562.24,517.57
1742,152965,60,2020-07-13,2021-05-06,165712.1,16571.21
1675,46092,24,2023-05-16,2025-04-04,52276.01,2272.87
709,25444,24,2018-02-01,2020-02-05,29006.16,1208.59
779,59132,24,2023-12-20,2024-07-14,62581.4,8940.2
1077,123771,12,2018-06-21,2025-03-18,207316.26,2559.46
1876,147212,36,2024-04-18,2025-04-23,161933.16,13494.43
838,217920,24,2025-03-11,2025-07-23,225184.0,56296.0
2376,6921,36,2023-05-23,2023-08-18,7007.52,2335.84
1277,226912,60,2022-10-27,2023-10-30,249603.24,20800.27
1391,3830,60,2019-10-19,2023-04-13,4500.3,107.15
1419,27620,24,2024-11-03,2025-08-24,25840.08,3230.01
1336,101671,24,2018-06-25,2024-11-08,166909.82,2167.66
36,30153,60,2021-01-18,2023-01-21,34374.48,1432.27
2138,4647,12,2025-02-20,2025-08-27,3969.3,793.86
2486,48949,60,2021-11-24,2025-01-09,59799.46,1573.67
2868,148377,36,2020-11-06,2025-05-12,215146.8,3984.2
384,10095,12,2018-10-03,2020-01-02,10978.35,731.89
724,30206,36,2024-07-01,2024-10-11,30734.61,10244.87
71,68249,36,2020-05-05,2021-09-05,77348.8,4834.3
2454,6955,48,2019-03-25,2023-07-09,8461.96,162.73
1792,134511,24,2022-09-10,2023-07-30,145720.2,14572.02
1963,19931,48,2018-07-21,2020-01-01,22023.72,1223.54
1138,3297,36,2022-06-30,2025-04-04,3764.14,110.71
1968,9330,48,2022-03-17,2023-08-10,9990.9,587.7
1749,211250,48,2023-03-29,2024-01-22,228854.2,22885.42
2170,215117,48,2020-01-20,2022-01-02,258140.4,10755.85
19,73783,24,2021-12-15,2025-02-13,97147.76,2556.52
1407,185863,48,2021-05-16,2024-12-02,252463.75,5871.25
2065,183751,36,2020-04-22,2021-04-10,202126.08,16843.84
618,25461,48,2019-05-19,2020-05-25,27243.24,2270.27
2131,42998,48,2019-04-29,2021-08-31,50020.88,1786.46
1765,25515,48,2022-06-15,2022-09-26,25961.52,8653.84
1220,21182,36,2023-03-21,2025-06-02,24518.16,908.08
1414,198774,24,2018-10-28,2025-03-09,326320.61,4237.93
1224,83497,36,2019-05-13,2019-11-21,87671.88,14611.98
2710,218442,24,2020-06-04,2022-01-29,253028.7,13317.3
2136,32531,60,2022-08-13,2024-04-06,36326.2,1816.31
784,155803,12,2019-05-14,2021-04-06,185665.2,8072.4
707,241755,36,2021-05-17,2023-08-18,296149.77,10968.51
723,170004,60,2023-10-20,2024-09-05,185587.71,16871.61
1019,34571,60,2021-08-29,2024-09-29,42032.74,1136.02
85,31667,36,2018-09-18,2019-11-18,34253.1,2446.65
1443,14647,48,2025-04-26,2025-07-31,14903.31,4967.77
2437,4099,48,2021-11-12,2023-12-24,4526.0,181.04
2793,160471,48,2024-09-06,2024-12-24,164482.77,54827.59
2020,2650,60,2020-12-02,2025-07-06,3257.1,59.22
87,38845,12,2022-11-12,2024-05-15,42923.7,2384.65
549,5535,36,2019-01-26,2019-07-18,5673.36,945.56
2943,18739,48,2021-12-10,2024-10-29,22455.64,660.46
469,3555,60,2025-02-24,2025-05-25,3599.43,1199.81
2181,40686,48,2018-06-26,2024-08-19,58249.1,787.15
315,28521,24,2018-12-22,2019-09-07,30018.33,3335.37
128,49049,24,2019-09-04,2021-04-17,54485.35,2867.65
1429,22580,24,2018-06-12,2025-01-22,32985.66,417.54
2140,157619,36,2018-08-25,2019-05-12,169440.39,18826.71
1658,12809,12,2020-04-28,2021-01-12,13481.46,1497.94
2163,8676,60,2023-10-26,2024-02-13,8820.6,2205.15
939,24938,48,2019-09-21,2025-07-14,35121.1,501.73
1966,115339,48,2020-01-07,2023-01-14,149940.72,4165.02
1932,42252,60,2023-01-05,2024-02-28,45456.06,3496.62
844,58546,24,2024-03-17,2024-12-20,62936.91,6992.99
630,23610,60,2019-01-31,2020-03-02,25538.1,1824.15
2449,149660,36,2021-06-21,2023-01-15,173356.19,9124.01
947,16158,24,2022-09-27,2023-10-20,17383.34,1337.18
2444,1971,60,2018-02-24,2019-05-14,2094.15,139.61
2407,131426,48,2023-11-06,2025-02-23,147854.25,9856.95
1653,6792,36,2022-08-03,2024-06-13,7414.66,337.03
2567,133627,60,2018-01-23,2023-06-25,206008.4,3169.36
494,17817,24,2020-02-28,2020-10-05,18648.48,2331.06
2321,90445,48,2025-04-26,2025-07-25,92706.12,30902.04
897,22749,48,2018-04-19,2025-05-31,34028.9,400.34
810,15434,60,2020-09-28,2020-12-06,15704.1,5234.7
1634,202406,36,2021-05-31,2022-12-02,234453.54,12339.66
2856,47749,12,2018-03-30,2021-12-22,60282.9,1339.62
686,67558,60,2024-05-15,2024-11-09,70935.9,11822.65
1215,3398,36,2022-11-17,2023-07-03,3511.28,438.91
948,30575,48,2018-08-05,2019-02-02,31645.14,5274.19
2724,128980,48,2024-01-12,2024-08-24,136503.85,19500.55
2469,2578,36,2021-09-29,2023-08-03,2825.09,122.83
2753,47561,48,2020-07-23,2023-03-06,56439.04,1763.72
1405,211516,24,2019-09-13,2021-12-05,259107.12,9596.56
625,10281,36,2018-12-29,2021-10-24,12319.9,362.35
56,7862,60,2022-09-08,2024-11-10,8713.64,335.14
2531,4668,36,2020-11-11,2022-06-21,5037.47,265.13
2468,76178,36,2018-03-12,2018-05-19,77447.64,38723.82
661,7545,36,2020-11-29,2022-08-09,8205.12,390.72
2968,29246,12,2021-09-05,2023-01-20,31975.68,1998.48
764,28628,48,2019-12-10,2024-07-18,37813.05,687.51
596,4316,36,2020-07-26,2024-05-24,5143.26,111.81
2562,175189,24,2025-01-26,2025-08-26,158921.46,26486.91
194,9728,60,2024-04-12,2024-10-12,9971.22,1661.87
715,5731,60,2025-04-18,2025-08-04,4369.89,1456.63
1177,32976,24,2021-03-17,2022-07-28,36053.76,2253.36
2028,42524,48,2018-04-14,2020-12-18,50461.76,1576.93
548,19774,48,2022-05-29,2024-04-27,22427.07,975.09
435,21530,12,2018-07-12,2025-02-15,31451.48,398.12
2784,11903,48,2018-12-01,2025-05-14,17249.54,224.02
190,184961,36,2018-06-28,2019-03-12,198833.04,22092.56
858,2616,24,2023-02-21,2025-01-04,2866.72,124.64
183,9988,36,2024-11-07,2025-03-22,10154.48,2538.62
645,11271,12,2024-01-18,2024-09-19,11796.96,1474.62
2823,111632,60,2019-04-29,2024-03-30,166517.47,2822.33
206,138714,48,2018-02-27,2021-10-18,189575.76,4308.54
2291,173713,24,2018-03-17,2020-06-15,212798.34,7881.42
1064,127277,60,2020-05-05,2021-01-31,135762.16,16970.27
2735,32880,12,2021-08-24,2021-12-25,33647.2,8411.8
1331,49224,12,2019-04-02,2022-12-20,61858.28,1405.87
100,3905,60,2021-01-05,2023-06-22,4376.97,150.93
580,119369,12,2023-03-16,2024-11-25,139263.8,6963.19
1656,39926,48,2022-01-03,2022-10-06,42022.08,4669.12
859,49572,60,2023-11-27,2025-07-13,55355.4,2767.77
1774,109373,12,2024-11-11,2025-07-13,116664.56,14583.07
488,14943,60,2018-07-19,2021-12-07,18516.83,451.63
1801,112163,60,2025-04-10,2025-07-22,114967.08,38322.36
2682,2577,24,2024-10-29,2025-07-31,2673.63,297.07
1516,187496,24,2019-12-05,2023-12-27,262494.24,5468.63
1410,11851,36,2023-12-29,2024-05-25,12196.65,2439.33
534,27790,36,2024-02-11,2024-07-16,28600.55,5720.11
2729,32186,12,2023-02-02,2025-07-15,37630.69,1297.61
1435,5630,12,2023-08-06,2023-12-13,5723.84,1430.96
816,3804,60,2019-02-20,2021-05-06,4231.98,156.74
22,120535,48,2020-10-03,2021-04-15,126561.72,21093.62
2482,24053,12,2024-09-25,2025-02-18,24754.55,4950.91
2971,1106,12,2021-01-18,2022-03-23,1170.54,83.61
2077,188727,48,2022-02-24,2023-08-31,217036.08,12057.56
1701,234401,24,2020-06-19,2023-05-25,302767.85,8650.51
481,68019,24,2022-06-24,2022-12-06,71419.92,11903.32
151,85432,24,2020-10-02,2022-07-01,100382.52,4780.12
1795,3067,48,2020-01-26,2020-07-18,3143.7,523.95
1173,51693,36,2019-06-08,2023-05-14,71939.61,1530.63
52,35942,12,2022-11-29,2024-07-22,40135.2,2006.76
2383,16563,36,2021-08-19,2023-06-01,18688.56,849.48
42,19225,12,2024-10-16,2025-01-20,19561.44,6520.48
1258,38734,60,2019-09-06,2024-12-13,52968.51,840.77
2411,119933,60,2024-10-06,2024-12-13,121931.88,60965.94
263,25126,60,2019-09-09,2024-10-07,34066.67,558.47
1841,33412,48,2020-06-09,2024-04-07,42377.5,921.25
2765,199892,48,2020-12-23,2023-01-28,241536.25,9661.45
1531,33739,24,2021-04-03,2024-11-03,42201.92,981.44
2302,1278,60,2019-02-07,2023-04-25,1544.5,30.89
2864,110239,60,2024-06-01,2024-08-07,112076.32,56038.16
2218,3228,24,2020-09-01,2024-02-08,3779.38,92.18
2880,23104,12,2023-04-25,2023-12-06,24182.16,3022.77
929,1332,48,2023-05-28,2024-04-02,1393.04,126.64
1179,39835,24,2019-01-14,2019-04-10,40532.1,13510.7
1854,129300,48,2018-02-20,2021-01-07,167012.65,4771.79
1806,2397,48,2020-01-09,2021-07-25,2576.7,143.15
635,25473,24,2020-10-04,2025-05-18,33645.7,611.74
1549,42663,12,2022-11-14,2023-11-22,45649.44,3804.12
1373,4954,60,2022-12-16,2025-03-29,5511.24,204.12
2080,188259,24,2019-06-12,2022-08-07,247874.38,6523.01
1273,38112,36,2024-12-18,2025-05-13,39223.6,7844.72
1620,15148,24,2020-03-11,2023-10-07,18947.52,440.64
2750,44586,60,2023-07-10,2024-09-09,48227.2,3444.8
1779,5740,60,2022-08-03,2024-04-21,6218.4,310.92
361,42576,12,2025-02-18,2025-08-13,36721.8,7344.36
1351,39452,48,2018-09-08,2020-12-29,45665.64,1691.32
1852,30899,36,2019-08-31,2022-12-08,38108.8,952.72
1127,173159,24,2024-12-17,2025-05-03,180373.95,36074.79
1796,81819,36,2024-04-05,2025-01-25,87955.47,9772.83
1798,96674,36,2024-05-13,2025-04-13,105535.76,9594.16
771,154320,24,2021-10-26,2024-06-01,195472.0,6108.5
1141,82055,12,2019-10-20,2023-02-16,109406.8,2735.17
1561,4508,36,2021-01-29,2023-11-27,5146.58,151.37
1164,31941,24,2018-10-09,2020-10-19,36412.8,1517.2
1645,11974,60,2024-11-17,2025-01-19,12113.7,6056.85
1219,24080,60,2024-03-29,2025-05-16,26046.58,1860.47
2134,36642,24,2018-11-18,2023-10-06,49253.2,834.8
1374,13996,12,2024-01-20,2024-10-17,14730.75,1636.75
1660,49278,60,2020-05-26,2021-09-13,53877.28,3367.33
373,32254,36,2020-08-02,2024-12-03,42037.84,808.42
632,25575,12,2022-02-20,2024-02-09,29155.44,1214.81
855,112139,48,2019-06-11,2019-08-13,114007.98,57003.99
2175,138368,36,2020-03-17,2024-06-18,197174.16,3866.16
602,201892,24,2021-01-19,2024-02-06,264141.89,7138.97
2552,154869,24,2021-09-12,2025-01-18,206492.0,5162.3
1128,43307,24,2025-01-07,2025-07-04,44822.76,7470.46
1965,36284,48,2019-06-04,2019-09-23,36918.96,12306.32
192,34077,36,2024-07-31,2024-12-01,35070.9,7014.18
2956,2641,48,2024-03-17,2025-07-30,2817.12,176.07
1252,23028,48,2025-04-09,2025-08-22,17673.99,5891.33
1856,19754,48,2024-07-23,2025-01-15,20445.42,3407.57
95,206565,12,2020-08-08,2025-03-23,301240.5,5477.1
462,9875,24,2020-05-20,2024-01-16,11685.52,265.58
970,4569,60,2018-07-23,2023-05-28,5672.98,97.81
193,40886,24,2020-07-25,2022-09-08,47087.04,1811.04
1504,10765,12,2022-03-25,2025-07-25,13276.8,331.92
1297,182355,24,2021-03-02,2024-03-19,237061.44,6585.04
2948,15530,24,2019-11-20,2021-03-20,16979.52,1061.22
452,181261,60,2023-05-06,2025-05-14,217513.2,9063.05
198,24575,12,2018-09-11,2020-02-08,27011.98,1588.94
298,22319,12,2022-12-11,2023-08-31,23360.56,2920.07
2447,33959,48,2023-04-14,2025-06-13,39109.46,1504.21
509,93930,12,2019-02-19,2025-08-11,152997.46,1986.98
2694,238602,60,2022-08-31,2025-03-23,300240.89,9685.19
1014,9637,36,2020-11-27,2024-06-02,11363.61,264.27
1152,18862,48,2024-10-20,2025-03-19,19412.15,3882.43
217,111733,24,2024-06-30,2025-05-29,121975.15,11088.65
2294,4297,24,2024-12-16,2025-07-30,4422.32,631.76
2791,12134,60,2022-08-17,2023-10-10,13125.0,937.5
15,11121,36,2019-06-01,2020-12-11,12288.78,682.71
1527,18257,12,2024-12-09,2025-06-11,18895.98,3149.33
1342,114205,48,2022-05-14,2025-03-26,146563.12,4310.68
2603,123478,36,2025-05-20,2025-07-25,125535.96,62767.98
2258,9373,36,2021-08-01,2023-06-06,10232.2,465.1
375,14175,36,2018-11-07,2024-11-11,20128.32,279.56
1242,45355,60,2021-06-09,2025-03-02,57260.7,1272.46
763,154036,36,2023-09-02,2025-06-13,180992.28,8618.68
141,11694,48,2022-06-07,2025-01-27,13808.64,445.44
2595,29035,24,2022-02-12,2024-11-23,34624.26,1049.22
1974,23724,60,2020-04-28,2023-09-17,29397.82,717.02
448,9261,12,2023-02-14,2023-09-23,9531.13,1361.59
699,33164,36,2024-06-03,2025-08-25,33310.03,2562.31
2892,19191,60,2019-10-19,2021-08-28,21653.94,984.27
824,17728,48,2023-01-29,2024-04-02,19279.2,1285.28
525,27714,48,2023-07-05,2023-10-05,28199.01,9399.67
402,77352,48,2021-02-02,2024-06-12,103136.0,2578.4
527,6010,24,2019-03-29,2024-03-03,7512.6,125.21
2201,36124,12,2019-02-26,2023-06-17,47081.84,905.42
350,214751,12,2019-02-13,2019-11-19,230857.29,25650.81
2292,4076,24,2023-06-10,2024-04-21,4245.8,424.58
752,58247,48,2024-02-13,2024-09-10,61644.73,8806.39
1917,68323,48,2024-04-23,2025-07-05,76863.45,5124.23
1551,13707,48,2023-11-03,2024-10-27,14586.55,1326.05
2143,27582,48,2020-10-12,2023-10-31,33374.16,927.06
1750,237352,36,2019-08-05,2023-07-04,330315.06,7027.98
278,18800,12,2024-11-15,2025-03-18,19238.68,4809.67
839,3554,60,2021-03-03,2023-09-19,3998.4,133.28
2871,64200,24,2023-09-19,2024-02-18,66875.0,13375.0
2545,8480,48,2018-02-04,2023-01-18,10564.54,179.06
1885,33452,36,2023-06-25,2024-05-16,35598.53,3236.23
1628,38733,60,2018-09-30,2024-11-11,55452.64,749.36
178,1213,12,2023-08-18,2024-08-28,1273.68,106.14
269,8369,12,2024-07-31,2025-01-22,8578.2,1429.7
2196,43328,36,2022-10-26,2023-05-27,45097.22,6442.46
2286,43352,36,2023-04-12,2023-06-16,43857.78,21928.89
619,204826,24,2020-11-27,2023-07-20,259446.4,8107.7
1751,69100,60,2020-04-21,2024-05-06,97315.96,1986.04
551,28348,12,2024-07-05,2025-03-14,29670.88,3708.86
89,16030,60,2018-02-18,2023-01-26,21546.8,365.2
1846,1686,24,2023-11-20,2025-01-29,1784.3,127.45
1803,1735,12,2024-03-06,2025-06-12,1843.5,122.9
2403,229164,60,2018-12-18,2020-05-25,261628.98,15389.94
152,151146,24,2022-08-22,2023-06-11,163741.5,16374.15
395,158466,36,2019-06-09,2025-04-22,250904.5,3584.35
2115,51850,36,2025-06-23,2025-08-27,26357.08,26357.08
467,78788,12,2025-06-10,2025-08-17,40050.57,40050.57
2227,3605,36,2020-11-03,2025-06-30,4431.35,80.57
2978,35634,36,2018-03-14,2019-06-26,38751.9,2583.46
2498,2611,12,2023-11-29,2025-03-31,2785.12,174.07
135,111590,48,2024-03-03,2025-04-08,123678.88,9513.76
2497,45860,36,2024-03-10,2025-03-10,49070.16,4089.18
383,140953,36,2021-10-27,2024-05-31,177365.88,5721.48
2637,50193,60,2024-09-04,2025-03-12,52702.62,8783.77
843,241218,36,2019-08-24,2024-08-03,361827.0,6030.45
2821,9126,24,2020-06-07,2024-10-15,11103.56,213.53
955,82712,12,2024-12-04,2025-07-28,87536.89,12505.27
952,23341,60,2022-11-25,2023-06-02,24294.06,3470.58
876,195903,12,2024-03-12,2024-10-07,207330.69,29618.67
1116,158913,60,2021-11-17,2022-12-28,176128.55,13548.35
2585,220136,60,2018-03-28,2021-11-07,300852.64,6837.56
850,45990,24,2022-02-21,2023-05-24,50014.05,3334.27
24,47327,48,2020-08-11,2022-02-26,52296.3,2905.35
2479,43098,24,2024-06-16,2025-06-27,46114.92,3842.91
1236,19134,24,2021-08-26,2023-12-04,22259.16,794.97
2081,15394,36,2022-12-22,2023-12-04,16471.56,1372.63
960,12778,48,2024-08-17,2025-07-26,13597.87,1236.17
2969,136487,48,2025-06-22,2025-08-24,69380.89,69380.89
2979,6488,12,2020-01-10,2020-09-06,6704.24,838.03
2395,46155,48,2023-11-02,2024-07-31,48308.88,6038.61
2436,13696,60,2021-06-30,2024-09-20,16811.73,431.07
1849,2220,48,2020-07-06,2024-02-01,2617.84,60.88
325,90853,48,2024-09-07,2025-05-26,96909.84,12113.73
1754,11256,24,2025-01-08,2025-07-19,11649.96,1941.66
1059,234150,60,2025-05-05,2025-08-20,160002.5,80001.25
622,23150,60,2023-10-12,2024-04-20,23960.22,3993.37
2634,2065,36,2020-06-08,2021-08-04,2185.4,156.1
762,123161,24,2020-04-27,2022-05-09,148819.5,5952.78
495,45547,24,2023-03-24,2024-09-30,50329.44,2796.08
438,81756,12,2020-02-11,2025-07-07,126040.2,1939.08
1991,31164,60,2019-08-15,2021-12-04,36254.12,1294.79
867,20298,24,2021-08-06,2024-08-02,24560.64,682.24
2340,1403,12,2023-03-26,2024-09-05,1508.22,83.79
1481,31827,12,2023-07-11,2023-11-14,32569.64,8142.41
739,26736,48,2020-03-05,2025-04-15,36249.86,594.26
1670,20592,60,2025-02-28,2025-07-12,21192.6,4238.52
865,26959,36,2021-05-04,2024-07-24,32934.98,866.71
657,30017,48,2018-01-25,2018-03-30,30367.2,15183.6
1964,42307,60,2020-01-23,2023-09-12,53165.64,1208.31
1655,30670,36,2020-09-06,2024-09-25,39257.76,817.87
2792,3504,36,2021-02-27,2025-07-03,4277.63,80.71
1183,18310,36,2025-07-01,2025-08-30,0.0,18416.81
1503,38834,24,2022-07-11,2023-11-30,42458.56,2653.66
2725,233442,60,2018-06-24,2024-10-10,381288.96,5016.96
2392,139752,24,2024-03-28,2025-07-14,158385.6,9899.1
2153,32573,60,2021-10-10,2023-03-10,35803.19,2106.07
209,12724,24,2020-05-01,2025-02-10,16954.65,297.45
758,40500,24,2020-02-27,2025-03-19,54910.98,900.18
54,89818,60,2025-05-25,2025-07-29,91314.96,45657.48
344,2540,60,2023-01-03,2025-03-22,2815.28,108.28
1320,88341,48,2023-05-19,2024-06-22,97911.32,7531.64
1189,2432,36,2024-09-27,2025-08-23,2312.2,231.22
788,4248,60,2024-04-17,2025-01-23,4407.3,489.7
1262,187271,48,2021-01-24,2022-04-17,210679.95,14045.33
2794,166045,48,2022-03-06,2024-09-23,207556.2,6918.54
971,228224,36,2024-08-28,2025-08-28,230125.83,20920.53
1261,31065,12,2018-04-19,2024-11-08,45380.76,574.44
2356,68532,48,2025-06-11,2025-08-21,34837.1,34837.1
2236,48492,24,2021-04-27,2022-11-13,53866.52,2835.08
2036,3786,24,2025-01-18,2025-03-23,3817.54,1908.77
2345,97788,24,2023-08-30,2024-07-02,106751.92,9704.72
786,144998,12,2019-03-26,2020-09-07,166747.68,9263.76
2075,26891,24,2024-11-07,2025-01-25,27204.72,13602.36
653,109963,36,2024-11-04,2025-02-22,112712.07,37570.69
33,181712,48,2021-12-31,2024-04-26,224111.44,8003.98
749,209130,48,2019-12-08,2023-11-26,291039.04,6192.32
1088,39426,24,2023-07-14,2025-07-02,44945.76,1872.74
927,6112,12,2023-04-29,2025-06-19,6774.04,260.54
277,3507,12,2024-12-31,2025-06-11,3594.66,599.11
965,21788,48,2020-07-04,2023-06-17,26236.35,749.61
1158,132340,60,2020-12-21,2025-03-24,188584.74,3697.74
916,16885,12,2022-01-26,2025-01-02,20430.72,567.52
159,12290,12,2024-08-07,2025-04-24,12863.52,1607.94
1532,107745,36,2024-03-22,2025-08-19,115773.12,7235.82
2516,8912,48,2019-05-28,2021-11-30,10026.0,334.2
476,17996,60,2018-10-28,2024-06-06,25134.16,369.62
2715,2625,60,2022-06-02,2024-01-27,2832.9,149.1
459,22752,24,2025-02-19,2025-08-13,19623.6,3924.72
1836,5562,60,2025-05-02,2025-07-29,5608.34,2804.17
650,1242,60,2020-10-12,2023-05-09,1402.44,45.24
2558,38777,24,2023-11-25,2024-04-08,39908.0,7981.6
1016,30936,36,2023-09-12,2024-09-14,33101.52,2758.46
163,41695,48,2022-10-13,2023-03-15,42911.1,8582.22
2775,17896,36,2023-09-24,2025-03-21,19775.16,1098.62
1933,41831,24,2024-09-11,2024-11-16,42319.02,21159.51
2861,184550,60,2024-02-12,2025-07-30,210694.6,12393.8
323,171298,36,2019-04-25,2022-05-21,224114.92,6057.16
1100,36898,36,2024-10-24,2025-05-09,38404.66,5486.38
2893,12618,36,2020-05-07,2021-11-01,13942.98,774.61
2438,22080,36,2023-06-11,2024-01-23,22981.63,3283.09
2385,114620,60,2021-04-28,2022-07-17,128947.5,8596.5
1157,214277,24,2022-09-28,2024-05-20,249989.8,12499.49
2540,4089,24,2020-01-03,2023-05-26,4770.4,119.26
2117,45811,12,2023-01-27,2024-09-28,51155.6,2557.78
2199,96920,24,2021-09-26,2023-04-01,112265.68,5908.72
1230,87656,48,2022-11-29,2024-08-20,102995.76,4904.56
1046,175639,60,2020-04-09,2020-06-22,178566.32,89283.16
257,47120,48,2018-10-25,2021-10-29,57015.36,1583.76
2337,107050,60,2022-04-05,2024-11-04,134704.61,4345.31
1728,7358,60,2021-01-07,2022-05-30,7848.48,490.53
982,7258,24,2024-06-12,2025-03-06,7530.21,836.69
2361,7336,60,2022-05-02,2022-08-14,7427.7,2475.9
1372,150704,60,2023-05-01,2024-12-19,174565.54,9187.66
1049,48423,48,2021-10-21,2023-10-06,55202.16,2300.09
2994,6466,24,2021-05-17,2021-09-03,6573.76,1643.44
968,14333,24,2018-06-30,2019-03-08,15085.44,1676.16
1777,10434,36,2018-12-10,2022-03-17,12807.6,328.4
2992,138989,24,2024-01-28,2024-04-08,142463.73,47487.91
1985,29721,12,2023-09-19,2024-06-17,31281.39,3475.71
347,21216,36,2018-01-10,2025-05-25,32106.8,364.85
489,58258,48,2020-09-28,2022-03-01,66996.72,3722.04
884,23985,24,2020-12-02,2021-11-12,25524.07,2320.37
1147,6438,48,2025-05-07,2025-07-23,6491.64,3245.82
425,8996,36,2022-10-31,2024-05-20,9708.24,510.96
1268,209707,24,2022-06-11,2022-12-01,220192.32,36698.72
2379,36982,60,2019-07-15,2022-11-04,45611.2,1140.28
156,57390,36,2020-04-26,2024-07-31,81780.54,1603.54
491,169485,36,2020-05-30,2023-07-02,223155.38,5872.51
995,4204,24,2018-08-09,2022-09-13,5062.19,103.31
1853,3619,12,2023-01-20,2025-04-04,4026.24,149.12
2764,14193,36,2022-06-15,2024-10-13,16511.32,589.69
1413,21617,60,2018-08-15,2024-12-05,31200.28,410.53
2188,17251,36,2018-08-09,2019-04-01,18056.08,2257.01
1011,45239,36,2019-05-05,2024-12-30,62919.7,939.1
781,71066,60,2022-05-11,2025-05-29,92385.72,2566.27
2848,37272,12,2023-07-25,2025-01-23,41185.62,2288.09
51,1557,36,2021-10-26,2023-03-03,1667.36,98.08
1512,1721,36,2019-07-24,2025-05-24,2223.2,31.76
809,60394,12,2018-07-25,2018-11-28,62407.12,15601.78
745,112917,24,2020-04-24,2025-01-17,166552.86,2921.98
1759,8228,60,2025-06-11,2025-08-16,4148.28,4148.28
2825,33064,48,2020-09-10,2022-07-31,37307.16,1695.78
1190,115129,12,2024-12-13,2025-04-29,118966.64,29741.66
93,62197,60,2020-09-10,2022-06-16,73081.47,3480.07
284,22655,48,2022-06-29,2024-05-06,25694.45,1117.15
290,4809,24,2021-05-22,2025-05-31,5771.04,120.23
1051,17924,48,2020-12-24,2023-03-26,20747.07,768.41
553,77289,60,2021-01-12,2022-11-29,91458.62,4157.21
2156,44241,12,2019-06-26,2021-03-26,49660.59,2364.79
1209,23531,24,2024-06-11,2024-09-17,23942.79,7980.93
1142,40472,60,2019-03-26,2022-02-22,48735.05,1392.43
1114,104998,48,2020-06-15,2022-02-10,122497.6,6124.88
2472,226457,48,2024-10-07,2025-07-07,243441.27,27049.03
2912,48120,60,2022-03-19,2023-12-18,54014.73,2572.13
1172,167373,36,2019-11-29,2021-09-05,198058.08,9002.64
941,9323,60,2018-01-12,2022-03-27,11265.5,225.31
2420,21926,36,2023-07-25,2025-01-15,24228.18,1346.01
4,38286,60,2024-08-03,2025-03-20,39849.32,5692.76
2543,7064,60,2020-11-26,2022-09-13,7711.44,350.52
981,91447,24,2019-10-09,2022-05-20,115070.76,3711.96
1073,124151,60,2022-11-02,2024-09-10,146912.04,6677.82
2059,1794,60,2020-08-04,2022-03-23,1936.1,101.9
1020,18940,12,2025-05-12,2025-07-28,19160.96,9580.48
1229,69349,36,2020-04-06,2025-04-29,104023.2,1733.72
2422,29828,24,2022-02-25,2022-07-22,30698.0,6139.6
1631,237812,48,2021-09-06,2021-11-14,241775.54,120887.77
138,86552,48,2019-10-09,2022-07-22,110353.65,3344.05
2192,18085,12,2022-10-30,2023-12-07,19561.92,1397.28
1506,182044,60,2023-12-28,2024-08-04,194180.24,24272.53
2339,3621,24,2022-02-16,2024-10-02,4103.68,128.24
2996,7995,48,2023-02-04,2024-11-12,8694.63,414.03
2771,45166,12,2018-10-23,2021-09-30,54387.55,1553.93
2481,80606,24,2023-10-01,2025-07-08,94712.1,4510.1
1650,6977,48,2023-06-24,2025-02-18,7558.4,377.92
2431,45522,12,2023-04-09,2024-12-03,50832.8,2541.64
1408,40523,60,2021-04-26,2025-06-23,52342.0,1046.84
2708,177418,36,2024-11-13,2025-03-28,183331.92,45832.98
1570,17690,24,2021-09-24,2023-11-20,20373.08,783.58
2414,130252,36,2023-06-27,2023-09-18,133508.31,44502.77
978,76416,12,2024-02-03,2025-01-22,83420.81,7583.71
1247,42945,24,2021-05-23,2023-08-14,49708.89,1841.07
2803,28049,36,2025-05-28,2025-08-25,19026.58,9513.29
1618,41872,60,2019-03-07,2023-06-01,54328.77,1065.27
2306,91201,24,2021-12-12,2024-07-12,114761.38,3701.98
1282,103592,24,2023-07-02,2025-05-07,122583.78,5571.99
307,191459,12,2022-12-06,2025-05-07,237728.37,8197.53
500,6662,60,2024-05-02,2025-05-06,6995.16,582.93
2052,21453,12,2022-01-27,2022-10-01,22579.29,2508.81
1565,223170,12,2024-11-17,2025-08-30,213251.36,26656.42
775,155904,60,2024-06-14,2024-11-08,162400.0,32480.0
2690,2696,24,2019-06-16,2020-11-27,2886.94,169.82
484,24599,36,2025-03-25,2025-08-18,20253.16,5063.29
1915,15520,24,2019-10-11,2021-01-28,16878.0,1125.2
2161,14500,24,2022-05-04,2023-06-12,15599.61,1199.97
2527,76331,36,2022-09-08,2024-04-15,88416.69,4653.51
1818,249371,24,2023-07-29,2025-05-05,295089.08,13413.14
2518,173163,24,2021-02-07,2023-08-05,216453.6,7215.12
2129,2043,60,2022-03-05,2024-03-16,2247.36,93.64
713,47689,12,2021-10-31,2022-05-08,49636.3,7090.9
988,55058,36,2024-04-07,2024-09-11,57352.1,11470.42
2060,24503,12,2018-06-18,2021-01-09,28933.85,933.35
2184,21928,48,2018-09-02,2022-07-10,27812.06,604.61
1633,46718,48,2021-11-04,2024-01-28,53803.62,2069.37
148,29422,12,2024-05-16,2025-07-29,31824.8,2273.2
1922,187651,12,2019-12-20,2021-09-06,220489.92,10499.52
1361,218918,60,2020-10-21,2025-05-12,319255.2,5804.64
2145,146394,24,2018-06-10,2021-04-13,187872.44,5525.66
1995,36809,48,2025-01-26,2025-04-04,37453.17,12484.39
1022,5016,48,2018-01-12,2023-07-19,6395.4,96.9
507,165792,12,2022-01-23,2024-04-18,203095.08,7522.04
1401,123867,24,2019-07-10,2024-12-24,190961.55,2937.87
2623,4709,24,2020-02-22,2025-05-05,5945.31,94.37
578,15346,60,2020-03-12,2022-06-25,17763.03,657.89
510,143573,36,2024-01-17,2025-05-29,162716.0,10169.75
2900,33996,24,2024-06-29,2024-11-22,34987.55,6997.51
1436,7293,60,2020-11-27,2022-07-26,7900.8,395.04
2669,30995,48,2023-04-04,2025-07-27,35876.79,1328.77
2842,25835,24,2021-01-15,2022-05-31,28246.24,1765.39
2090,202603,12,2020-02-03,2020-09-03,214421.48,30631.64
2528,246629,24,2023-03-12,2024-07-16,279512.8,17469.55
1842,47241,60,2021-04-28,2023-09-25,55232.53,1904.57
2405,4187,36,2025-01-31,2025-05-26,4256.8,1064.2
1738,9547,24,2022-03-21,2025-08-06,10905.2,272.63
2619,1071,48,2022-11-19,2024-04-18,1146.82,67.46
8,34099,12,2023-09-12,2024-01-30,34894.64,8723.66
2062,92408,24,2020-08-30,2025-08-05,136301.8,2310.2
2770,47894,24,2020-08-03,2021-03-30,49849.66,7121.38
2718,8830,60,2022-05-13,2024-08-24,9823.41,363.83
1208,11743,12,2020-06-18,2023-06-29,14209.2,394.7
1764,15266,36,2022-10-26,2025-05-17,18026.5,581.5
1981,45511,48,2024-10-11,2024-12-13,46041.96,23020.98
2035,7792,24,2025-04-13,2025-07-08,7889.4,2629.8
1300,200771,48,2021-06-21,2023-12-12,250963.8,8365.46
250,140051,48,2021-01-12,2023-10-11,178564.98,5411.06
1617,21522,48,2019-07-29,2023-12-14,28175.86,531.62
1487,14825,48,2020-10-26,2021-02-28,15170.92,3792.73
2644,34782,60,2023-01-16,2024-12-23,39448.68,1715.16
1198,32400,12,2020-04-17,2022-07-03,37503.0,1389.0
1039,100266,48,2021-05-30,2022-11-10,115305.84,6405.88
1299,5691,24,2022-07-01,2024-09-29,6307.6,242.6
853,23796,36,2019-08-13,2022-04-19,28238.08,882.44
291,221113,24,2023-11-05,2024-03-13,228483.44,57120.86
1586,5793,12,2020-03-25,2025-03-29,7241.4,120.69
67,52473,12,2024-01-06,2024-05-19,54222.12,13555.53
1823,31344,48,2018-03-27,2020-10-02,37012.14,1193.94
1819,3830,60,2025-05-23,2025-08-09,2585.24,1292.62
2070,2872,24,2023-08-29,2024-04-22,2967.76,370.97
1784,48468,48,2020-03-21,2021-08-28,53274.43,3133.79
872,34358,36,2018-08-08,2024-10-16,49189.28,664.72
1276,172064,12,2024-12-04,2025-03-10,176365.59,58788.53
2970,180914,60,2024-11-05,2025-06-11,191467.29,27352.47
357,27426,48,2020-03-15,2025-05-24,37345.08,602.34
1341,6059,48,2018-12-17,2022-11-25,7245.52,154.16
1696,130499,36,2021-07-27,2024-08-20,170736.13,4614.49
2692,40009,48,2019-04-14,2020-09-17,43976.62,2586.86
1626,43865,24,2020-05-01,2022-10-03,51285.63,1768.47
2274,15106,12,2023-05-11,2024-09-02,16515.84,1032.24
2526,54350,24,2018-02-12,2023-04-05,82430.86,1329.53
300,54463,60,2024-12-01,2025-07-15,57640.03,8234.29
782,234349,36,2023-11-08,2025-04-30,267548.38,15738.14
559,9606,48,2024-05-13,2024-07-24,9686.04,4843.02
2024,13993,24,2019-06-03,2022-02-17,16605.12,518.91
314,17560,60,2019-08-03,2021-07-21,19915.93,865.91
2649,28829,48,2024-11-23,2025-03-18,29501.68,7375.42
362,200301,12,2020-07-11,2025-06-04,298782.49,5064.11
2604,41160,60,2021-04-25,2022-07-25,44761.5,2984.1
2269,3441,60,2023-09-14,2024-02-21,3512.7,702.54
2939,10006,24,2023-12-24,2025-06-23,11056.68,614.26
2569,45064,24,2024-08-27,2025-08-30,44200.31,4018.21
2835,157532,48,2022-07-07,2023-10-28,177223.5,11814.9
754,48857,24,2023-11-08,2025-06-08,54271.98,2856.42
1402,35830,48,2018-02-07,2019-10-28,40010.2,2000.51
304,61399,60,2022-11-07,2024-01-11,68562.2,4897.3
1659,188235,12,2022-07-14,2022-10-20,192940.86,64313.62
1180,5486,36,2025-03-22,2025-05-28,5531.72,2765.86
214,174242,60,2020-01-06,2023-07-28,235226.88,5600.64
45,6498,48,2021-02-13,2025-05-01,7878.99,154.49
1250,219246,24,2022-10-13,2025-08-14,273090.18,8275.46
1695,197395,36,2023-08-18,2024-06-27,213844.6,21384.46
274,22461,60,2025-05-16,2025-08-03,15236.04,7618.02
666,38828,48,2018-02-21,2023-08-13,53776.8,814.8
1662,29568,60,2024-04-07,2024-12-28,30947.84,3868.48
133,48250,36,2019-03-22,2023-04-20,62041.35,1266.15
1935,189370,12,2021-06-29,2022-04-27,205150.8,20515.08
576,182814,48,2020-08-16,2021-02-25,191954.7,31992.45
2289,26264,12,2021-03-10,2024-07-31,32392.4,809.81
1095,21477,12,2024-12-25,2025-04-12,21978.12,5494.53
422,37842,36,2021-03-04,2021-11-17,39607.92,4950.99
685,33606,12,2019-11-26,2021-09-02,37918.76,1723.58
1683,14894,36,2018-04-16,2020-12-06,17674.24,552.32
1526,192983,12,2024-10-25,2025-02-13,199415.76,49853.94
2012,40194,12,2019-09-01,2021-03-03,44414.46,2467.47
2241,10307,36,2023-06-26,2024-05-16,10968.32,997.12
2288,201735,12,2020-02-12,2022-01-19,240400.83,10452.21
2810,236563,48,2018-02-22,2023-06-23,362730.24,5667.66
441,32120,24,2018-03-31,2019-10-30,35679.91,1877.89
1542,41914,60,2023-10-22,2024-12-29,45337.04,3238.36
61,17069,60,2022-12-18,2023-04-20,17467.28,4366.82
2105,175187,60,2022-09-12,2025-04-18,220443.79,7111.09
2914,15623,24,2024-05-05,2025-07-30,16898.84,1207.06
392,31907,12,2022-12-25,2024-02-04,34512.8,2465.2
1621,6061,12,2018-07-07,2024-01-21,7727.94,117.09
2551,4974,36,2018-12-21,2019-07-17,5119.1,731.3
432,34219,24,2024-11-21,2025-04-06,35217.05,7043.41
817,19942,24,2025-03-23,2025-08-15,16418.92,4104.73
1625,16937,24,2024-05-01,2024-08-21,17233.41,5744.47
1267,75308,12,2025-05-26,2025-08-28,51460.46,25730.23
606,73723,24,2025-02-15,2025-07-02,76794.8,15358.96
340,211158,48,2024-06-19,2025-06-20,232273.8,19356.15
2950,39328,36,2021-02-05,2024-01-08,47357.45,1353.07
799,186578,36,2020-10-11,2022-12-10,227003.14,8730.89
1202,159018,36,2019-11-14,2023-03-22,212024.0,5300.6
1726,47518,48,2021-06-18,2022-03-21,50012.73,5556.97
1192,187380,12,2020-07-06,2025-02-01,273262.55,4968.41
1899,9659,12,2024-05-29,2024-09-17,9820.0,2455.0
909,20486,60,2025-05-13,2025-08-21,13896.34,6948.17
1820,1139,48,2018-11-03,2024-06-24,1457.25,21.75
2622,43759,36,2024-05-23,2024-08-13,44524.77,14841.59
1648,6101,60,2021-05-22,2022-10-19,6533.1,384.3
2935,109155,12,2019-06-21,2024-08-15,165551.78,2670.19
2329,6327,24,2023-10-05,2024-03-02,6458.8,1291.76
2152,3213,12,2018-05-13,2019-06-01,3387.02,260.54
1310,94909,24,2024-08-22,2025-07-19,103609.0,9419.0
2851,187293,36,2023-04-02,2025-06-22,227873.1,8764.35
931,102599,36,2024-12-03,2025-06-01,107728.98,17954.83
1501,34574,48,2019-12-30,2022-07-13,40826.07,1316.97
411,74019,12,2025-01-26,2025-05-16,76486.32,19121.58
1789,28765,48,2018-02-22,2024-10-20,42188.8,527.36
1717,202069,48,2024-09-05,2024-12-22,207120.72,69040.24
162,11587,12,2022-08-27,2025-02-18,13614.6,453.82
1447,211282,24,2020-12-03,2023-12-25,274666.68,7629.63
1053,31916,60,2024-05-24,2025-08-18,32394.74,2313.91
665,35788,36,2023-11-06,2024-12-07,38501.97,2961.69
351,45920,60,2023-06-22,2024-05-03,48866.51,4442.41
911,34930,60,2021-11-24,2023-09-20,39412.78,1791.49
1003,20895,24,2022-02-18,2022-11-14,21991.95,2443.55
999,244778,24,2023-03-29,2025-03-30,293733.6,12238.9
1043,165870,48,2023-05-10,2025-08-02,195665.08,7525.58
1315,2225,60,2023-11-24,2024-08-09,2308.41,256.49
1321,3305,36,2020-07-12,2022-08-01,3649.25,145.97
1237,1489,24,2018-01-04,2021-03-01,1724.82,45.39
472,39516,48,2025-02-27,2025-07-24,40668.55,8133.71
1133,108342,24,2021-01-23,2022-05-26,122787.52,7674.22
2423,9809,36,2025-05-20,2025-08-02,6621.08,3310.54
2818,95918,24,2023-08-08,2025-05-31,112703.64,5366.84
125,30979,12,2022-05-24,2023-08-10,33689.7,2245.98
2342,3046,48,2022-06-24,2025-07-26,3515.74,95.02
1881,152714,12,2021-04-29,2025-02-09,211254.54,4592.49
272,190926,36,2023-09-26,2024-12-06,214791.75,14319.45
445,141878,24,2023-06-13,2024-02-08,151336.56,18917.07
1582,2891,24,2022-07-18,2023-03-03,2987.36,373.42
1595,1418,24,2023-10-24,2024-07-28,1471.14,163.46
172,13556,12,2018-06-15,2023-10-22,18616.96,290.89
2079,19802,48,2018-08-19,2021-06-28,23729.28,697.92
139,132514,48,2020-02-21,2023-03-27,173372.38,4685.74
1050,40311,48,2019-05-29,2025-06-04,57476.55,787.35
140,118176,36,2022-01-14,2023-07-19,135902.34,7550.13
1036,19420,24,2018-05-23,2020-08-23,22478.58,832.54
260,26408,24,2021-09-21,2025-01-13,32570.0,814.25
2397,224010,60,2018-01-31,2024-07-12,369616.26,4738.67
9,32896,36,2023-12-30,2024-04-05,33663.56,8415.89
2439,6310,24,2019-12-09,2023-07-09,7440.72,173.04
1205,43950,24,2024-04-25,2025-01-07,46257.39,5139.71
747,67465,48,2020-09-18,2024-09-03,94451.04,1967.73
1986,124686,12,2024-09-28,2025-05-10,132998.4,16624.8
2837,41857,24,2019-03-30,2025-02-11,59192.7,833.7
1646,104404,12,2023-02-06,2023-12-16,113104.3,11310.43
1847,15468,36,2025-03-26,2025-08-24,12735.32,3183.83
1120,50706,12,2024-09-16,2025-01-05,52396.2,13099.05
1453,120375,12,2020-01-06,2024-12-21,179559.42,3043.38
1679,6943,48,2025-06-14,2025-08-13,3500.43,3500.43
1207,30747,12,2018-12-02,2021-08-09,36486.4,1140.2
1642,45930,48,2024-07-11,2025-07-01,49145.16,4095.43
766,38115,36,2018-02-28,2024-05-05,54790.5,730.54
2822,50422,24,2023-11-03,2024-09-28,54623.8,5462.38
120,184172,12,2022-05-18,2023-01-30,196450.16,24556.27
2780,2254,60,2024-09-18,2025-03-14,2310.36,385.06
2281,47294,60,2019-02-12,2022-01-31,56949.9,1627.14
7,48092,48,2018-12-17,2023-09-05,64082.82,1124.26
1568,49279,12,2023-12-03,2024-04-24,50428.84,12607.21
2238,46608,12,2019-12-12,2024-07-27,61561.5,1119.3
1517,43831,36,2024-09-23,2024-12-09,44598.03,14866.01
387,147971,24,2020-06-22,2024-11-16,213325.0,4025.0
1875,21442,48,2021-09-08,2025-01-14,26445.2,661.13
164,101470,36,2021-11-09,2022-05-05,106543.5,17757.25
1950,247592,12,2022-04-12,2023-12-03,288857.4,14442.87
211,85926,24,2019-12-11,2021-02-22,95950.68,6853.62
2189,117655,24,2018-12-08,2020-08-28,137264.2,6863.21
1080,7428,48,2021-12-19,2025-08-20,8590.11,199.77
2334,32868,24,2018-02-14,2023-03-12,44563.55,730.55
2621,98500,24,2018-01-11,2021-11-15,136258.44,2962.14
254,5014,60,2019-06-06,2020-07-20,5285.54,406.58
2890,11662,24,2021-03-29,2024-06-14,14314.95,367.05
2993,20204,36,2021-03-23,2022-02-05,21500.38,1954.58
2300,41064,12,2024-01-27,2025-01-27,43938.48,3661.54
154,131507,36,2024-09-08,2024-12-10,134794.68,44931.56
1308,33479,24,2019-08-15,2025-02-05,46368.3,702.55
114,43349,48,2022-07-16,2025-01-21,50935.2,1697.84
827,45765,12,2020-12-06,2024-05-27,56710.38,1383.18
1721,68576,60,2020-02-09,2022-07-31,85148.64,2936.16
1732,99757,60,2024-07-12,2025-07-07,109732.68,9144.39
676,9301,12,2025-01-21,2025-05-09,9456.0,2364.0
918,9030,12,2018-12-27,2024-01-01,11325.26,185.66
2248,134909,12,2018-08-10,2020-02-25,155145.42,8619.19
2742,130846,48,2022-06-24,2025-01-04,164647.82,5311.22
2244,8637,60,2025-01-29,2025-05-24,8780.96,2195.24
561,149864,48,2024-01-12,2025-04-09,168597.0,11239.8
32,11377,24,2019-03-25,2022-07-13,14031.6,350.79
2147,82360,48,2023-03-28,2023-11-23,87850.64,10981.33
147,10625,24,2023-03-20,2023-06-11,10810.95,3603.65
2726,36599,24,2024-01-25,2025-07-21,40441.86,2246.77
2875,34721,48,2025-05-15,2025-08-10,23552.42,11776.21
1465,8110,48,2018-10-04,2020-01-21,8616.9,574.46
202,26909,60,2020-11-19,2023-12-15,32716.88,884.24
2731,9404,24,2020-03-31,2022-03-13,10344.48,431.02
1788,15351,48,2021-05-08,2024-02-10,18306.09,554.73
389,68988,60,2019-06-28,2024-02-03,101182.48,1806.83
1081,67196,24,2025-06-25,2025-08-27,34157.97,34157.97
880,210141,48,2021-08-18,2022-01-23,218896.9,43779.38
2324,42807,60,2020-05-27,2022-01-25,47801.2,2390.06
1382,2600,12,2019-08-20,2024-01-11,3174.17,59.89
1744,30832,36,2019-02-23,2023-08-18,40544.28,750.82
2303,31473,12,2019-02-07,2023-06-19,41019.68,788.84
1730,21036,12,2018-10-15,2019-05-13,21894.95,3127.85
2906,223759,12,2018-09-15,2022-03-19,302074.5,7192.25
312,155692,60,2024-02-05,2025-05-25,175153.5,11676.9
2446,16672,60,2020-02-18,2020-04-29,16866.5,8433.25
66,21065,60,2021-12-22,2023-05-07,23154.0,1362.0
1079,35495,48,2019-08-13,2025-05-27,49781.43,721.47
2154,198722,48,2023-11-13,2025-02-06,223562.25,14904.15
1604,3072,48,2019-10-07,2022-08-14,3507.1,103.15
224,4709,36,2021-02-02,2022-05-22,5003.25,333.55
2557,247767,36,2024-05-23,2025-01-24,264284.8,33035.6
2151,27156,12,2018-03-24,2019-11-13,30324.2,1516.21
735,43227,12,2018-08-20,2019-07-14,46000.68,4181.88
871,45382,12,2020-05-23,2021-09-07,49617.6,3101.1
757,25870,60,2024-04-05,2024-11-24,26926.34,3846.62
2658,35307,12,2022-12-17,2023-08-20,36954.64,4619.33
696,21028,48,2020-09-27,2025-01-11,27406.6,527.05
248,43917,60,2023-10-13,2024-12-10,47503.54,3393.11
1957,12942,24,2021-02-03,2025-08-07,16703.48,315.16
569,194030,24,2024-09-02,2024-12-01,198880.74,66293.58
2265,27756,48,2022-12-02,2024-12-23,31641.84,1318.41
1153,182194,60,2023-11-02,2025-02-21,204968.25,13664.55
2471,170104,36,2021-07-20,2022-07-04,187114.44,15592.87
338,8022,36,2023-12-25,2024-12-21,8423.16,701.93
2538,100204,36,2023-03-10,2025-01-26,118574.72,5389.76
708,39012,36,2019-03-09,2023-11-14,51755.76,924.21
1071,243201,12,2020-06-08,2023-07-25,318187.79,8599.67
2410,41114,60,2024-05-19,2025-06-19,44231.85,3402.45
1284,191988,48,2024-02-02,2025-05-02,215986.5,14399.1
111,49125,24,2025-05-31,2025-08-04,33323.12,16661.56
1253,168802,24,2022-02-28,2025-08-19,222456.98,5425.78
704,1683,24,2024-11-25,2025-03-22,1711.04,427.76
2453,71098,36,2024-10-31,2025-06-10,75837.84,9479.73
777,7240,60,2024-03-13,2025-08-03,7296.8,456.05
1070,228277,24,2020-07-04,2023-10-10,302466.84,7755.56
818,127078,36,2018-10-05,2023-08-20,188498.84,3249.98
109,27389,12,2021-06-18,2023-11-05,32022.38,1104.22
2572,47917,36,2020-04-28,2022-11-27,56582.13,1825.23
130,42433,24,2019-09-14,2020-02-27,43670.65,8734.13
